SampleID,Condition
O5-1,Healthy
O5-10,Healthy
O5-10_r,Healthy
O5-11,Healthy
O5-12,Healthy
O5-12_r,Healthy
O5-13,Healthy
O5-14,Healthy
O5-15,Healthy
O5-16,Healthy
O5-17,Healthy
O5-18,Healthy
O5-19,Healthy
O5-2,Healthy
O5-20,Healthy
O5-21,Cancer
O5-21_r,Cancer
O5-22,Cancer
O5-23,Cancer
O5-24,Cancer
O5-25,Cancer
O5-26,Cancer
O5-27,Cancer
O5-28,Cancer
O5-29,Cancer
O5-3,Healthy
O5-30,Cancer
O5-31,Cancer
O5-32,Cancer
O5-33,Cancer
O5-34,Cancer
O5-35,Cancer
O5-36,Cancer
O5-37,Cancer
O5-38,Cancer
O5-39,Cancer
O5-4,Healthy
O5-40,Cancer
O5-5,Healthy
O5-6,Healthy
O5-7,Healthy
O5-8,Healthy
O5-9,Healthy