SampleID,Condition,Group
O4-a1,MMCC,NC
O4-a2,MMCC,NC
O4-a3,MMCC,NC
O4-b1,MMCC,0.001_human
O4-b2,MMCC,0.001_human
O4-b3,MMCC,0.001_human
O4-c1,MMCC,0.005_human
O4-c2,MMCC,0.005_human
O4-c3,MMCC,0.005_human
O4-d1,MMCC,0.01_human
O4-d2,MMCC,0.01_human
O4-d3,MMCC,0.01_human
O4-e1,MMCC,0.05_human
O4-e2,MMCC,0.05_human
O4-e3,MMCC,0.05_human
O4-f1,MMCC,0.1_human
O4-f2,MMCC,0.1_human
O4-f3,MMCC,0.1_human
O4-g1,MMCC,0.3_human
O4-g2,MMCC,0.3_human
O4-g3,MMCC,0.3_human
O4-h1,MMCC,0.5_human
O4-h2,MMCC,0.5_human
O4-h3,MMCC,0.5_human
O4-i1,MMCC,0.7_human
O4-i2,MMCC,0.7_human
O4-i3,MMCC,0.7_human
O4-j1,MMCC,1_human
O4-j2,MMCC,1_human
O4-j3,MMCC,1_human